phase,treatment,outcome,variable,coef,se,pval
Phase 1 - Full,treatment_Any Coupon,avg_daily_expenditure,(Intercept),44.98320757880172,4.2680997323444085,6.038332202234573e-26
Phase 1 - Full,treatment_Any Coupon,avg_daily_expenditure,age_range_18.25,-24.30019763836461,49.95447510256429,0.6266524156578736
Phase 1 - Full,treatment_Any Coupon,avg_daily_expenditure,age_range_26.35,-17.301638819892435,48.182919214969054,0.719534892314682
Phase 1 - Full,treatment_Any Coupon,avg_daily_expenditure,age_range_36.45,-45.09287180190534,45.75908309259956,0.32441212065626157
Phase 1 - Full,treatment_Any Coupon,avg_daily_expenditure,age_range_46.55,-33.85823960897627,48.07710426465421,0.4812810326840171
Phase 1 - Full,treatment_Any Coupon,avg_daily_expenditure,age_range_56.70,-32.11377273397517,49.3957211311674,0.5156093819898391
Phase 1 - Full,treatment_Any Coupon,avg_daily_expenditure,age_range_70.,-19.88374370865335,48.92798692294894,0.684459248112828
Phase 1 - Full,treatment_Any Coupon,avg_daily_expenditure,family_size_1,3.998272023972631,27.378123375985506,0.883891215222599
Phase 1 - Full,treatment_Any Coupon,avg_daily_expenditure,family_size_2,-5.129743001016218,27.895918790851955,0.8541015193528829
Phase 1 - Full,treatment_Any Coupon,avg_daily_expenditure,family_size_3,-15.44606082606756,29.4206559600526,0.5995803077345931
Phase 1 - Full,treatment_Any Coupon,avg_daily_expenditure,family_size_4,-46.72290090802596,37.279573639009605,0.21009815227017173
Phase 1 - Full,treatment_Any Coupon,avg_daily_expenditure,income_bracket_1.0,43.2396362018534,45.05182111614123,0.33717264059273877
Phase 1 - Full,treatment_Any Coupon,avg_daily_expenditure,income_bracket_2.0,34.381597684138704,42.26243566988079,0.4159201577299696
Phase 1 - Full,treatment_Any Coupon,avg_daily_expenditure,income_bracket_3.0,19.214172448215937,42.22653496130747,0.6490924078856319
Phase 1 - Full,treatment_Any Coupon,avg_daily_expenditure,income_bracket_4.0,30.678924838346482,40.74759113776922,0.4515124695407069
Phase 1 - Full,treatment_Any Coupon,avg_daily_expenditure,income_bracket_5.0,39.65127688117702,41.860083632417584,0.34352415524628643
Phase 1 - Full,treatment_Any Coupon,avg_daily_expenditure,income_bracket_6.0,43.79578025663561,42.963115097837544,0.3080268830066543
Phase 1 - Full,treatment_Any Coupon,avg_daily_expenditure,income_bracket_7.0,30.2814650196282,45.06664844269226,0.5016336106269945
Phase 1 - Full,treatment_Any Coupon,avg_daily_expenditure,income_bracket_8.0,3.1543625192763836,46.856952339583366,0.9463280205075318
Phase 1 - Full,treatment_Any Coupon,avg_daily_expenditure,income_bracket_9.0,-6.4753026136712775,55.66097973873625,0.9073877443963221
Phase 1 - Full,treatment_Any Coupon,avg_daily_expenditure,income_bracket_10.0,-44.22448656614573,88.45043593085948,0.617083008899008
Phase 1 - Full,treatment_Any Coupon,avg_daily_expenditure,income_bracket_11.0,189.43640306831907,106.1074486991481,0.07421423713981044
Phase 1 - Full,treatment_Any Coupon,avg_daily_expenditure_t1,(Intercept),24.969114260674505,4.15859864752797,1.935683044011775e-09
Phase 1 - Full,treatment_Any Coupon,avg_daily_expenditure_t1,age_range_18.25,43.34450817327543,107.78326481398724,0.6875789674055397
Phase 1 - Full,treatment_Any Coupon,avg_daily_expenditure_t1,age_range_26.35,58.7370648609659,105.9680627539851,0.5793826672530966
Phase 1 - Full,treatment_Any Coupon,avg_daily_expenditure_t1,age_range_36.45,49.49946960930971,103.61631330497484,0.6328523661376417
Phase 1 - Full,treatment_Any Coupon,avg_daily_expenditure_t1,age_range_46.55,51.18689763318287,106.67851507609477,0.6313547154026524
Phase 1 - Full,treatment_Any Coupon,avg_daily_expenditure_t1,age_range_56.70,12.92284068388046,105.86622140607511,0.9028459281424956
Phase 1 - Full,treatment_Any Coupon,avg_daily_expenditure_t1,age_range_70.,54.21233833043192,106.09809097842033,0.6093782753910024
Phase 1 - Full,treatment_Any Coupon,avg_daily_expenditure_t1,family_size_1,28.326093584539365,25.80175384483723,0.27228134628201733
Phase 1 - Full,treatment_Any Coupon,avg_daily_expenditure_t1,family_size_2,19.64367101372214,26.345285889062392,0.4558981937233615
Phase 1 - Full,treatment_Any Coupon,avg_daily_expenditure_t1,family_size_3,15.368511167622797,29.894427500455503,0.6071893285533028
Phase 1 - Full,treatment_Any Coupon,avg_daily_expenditure_t1,family_size_4,9.133130439050044,32.04678678095305,0.7756501809450719
Phase 1 - Full,treatment_Any Coupon,avg_daily_expenditure_t1,income_bracket_1.0,-54.25434474063921,105.48731906819069,0.6070298206171183
Phase 1 - Full,treatment_Any Coupon,avg_daily_expenditure_t1,income_bracket_2.0,-42.386533369367974,105.11338417071734,0.6867690957564194
Phase 1 - Full,treatment_Any Coupon,avg_daily_expenditure_t1,income_bracket_3.0,-59.38244860447148,105.93799553259035,0.5751138750171492
Phase 1 - Full,treatment_Any Coupon,avg_daily_expenditure_t1,income_bracket_4.0,-43.49467999461052,104.44253754147181,0.6770854202474286
Phase 1 - Full,treatment_Any Coupon,avg_daily_expenditure_t1,income_bracket_5.0,-38.57569301903115,104.85217691959484,0.7129452355772438
Phase 1 - Full,treatment_Any Coupon,avg_daily_expenditure_t1,income_bracket_6.0,-43.684538498892074,105.46436406906125,0.6787210739176283
Phase 1 - Full,treatment_Any Coupon,avg_daily_expenditure_t1,income_bracket_7.0,-30.262713243866816,104.50082148234186,0.7721287598575194
Phase 1 - Full,treatment_Any Coupon,avg_daily_expenditure_t1,income_bracket_8.0,-13.739575803703689,110.56327549133358,0.901102870372319
Phase 1 - Full,treatment_Any Coupon,avg_daily_expenditure_t1,income_bracket_9.0,-56.35408393589567,108.46859493938119,0.6033845070942698
Phase 1 - Full,treatment_Any Coupon,avg_daily_expenditure_t1,income_bracket_10.0,-121.63629081357813,114.33722513058326,0.2874071496393211
Phase 1 - Full,treatment_Any Coupon,avg_daily_expenditure_t1,income_bracket_11.0,-49.85204222949121,116.67964557366233,0.6691949232794272
Phase 1 - Full,treatment_Any Coupon,avg_daily_expenditure_t2,(Intercept),10.295091009067349,4.033597633432564,0.01070337583675199
Phase 1 - Full,treatment_Any Coupon,avg_daily_expenditure_t2,age_range_18.25,-81.98083098621359,85.0803736013449,0.33526669184803914
Phase 1 - Full,treatment_Any Coupon,avg_daily_expenditure_t2,age_range_26.35,-61.96416086265835,86.83019556323991,0.47546276161839585
Phase 1 - Full,treatment_Any Coupon,avg_daily_expenditure_t2,age_range_36.45,-58.63646876589439,84.94639213105887,0.49002381243616056
Phase 1 - Full,treatment_Any Coupon,avg_daily_expenditure_t2,age_range_46.55,-72.21553285536739,86.73466178548175,0.40507277031835087
Phase 1 - Full,treatment_Any Coupon,avg_daily_expenditure_t2,age_range_56.70,-79.37561371702975,89.14065937936255,0.37322679077339427
Phase 1 - Full,treatment_Any Coupon,avg_daily_expenditure_t2,age_range_70.,-91.01949154185921,87.29772928787236,0.29712345559706527
Phase 1 - Full,treatment_Any Coupon,avg_daily_expenditure_t2,family_size_1,30.835886807756545,27.6783216252218,0.2652499902652529
Phase 1 - Full,treatment_Any Coupon,avg_daily_expenditure_t2,family_size_2,45.169115306411314,28.50305065817423,0.11303832915343802
Phase 1 - Full,treatment_Any Coupon,avg_daily_expenditure_t2,family_size_3,8.411300440827214,31.120891249265753,0.7869473254487558
Phase 1 - Full,treatment_Any Coupon,avg_daily_expenditure_t2,family_size_4,-45.18638130748005,39.19689830131252,0.24899604802862157
Phase 1 - Full,treatment_Any Coupon,avg_daily_expenditure_t2,income_bracket_1.0,71.75781825978143,84.26817931821864,0.39447300505931526
Phase 1 - Full,treatment_Any Coupon,avg_daily_expenditure_t2,income_bracket_2.0,76.21909155071917,84.659920401629,0.3679665232862013
Phase 1 - Full,treatment_Any Coupon,avg_daily_expenditure_t2,income_bracket_3.0,82.24715390429354,85.44472001609597,0.33576441087730824
Phase 1 - Full,treatment_Any Coupon,avg_daily_expenditure_t2,income_bracket_4.0,69.13579262895288,83.71968202723144,0.4089210398365297
Phase 1 - Full,treatment_Any Coupon,avg_daily_expenditure_t2,income_bracket_5.0,76.93134915430201,84.1785111457813,0.3607700982760256
Phase 1 - Full,treatment_Any Coupon,avg_daily_expenditure_t2,income_bracket_6.0,76.74854936517151,87.24390452658493,0.37902562807187434
Phase 1 - Full,treatment_Any Coupon,avg_daily_expenditure_t2,income_bracket_7.0,60.60073416272299,86.65478494162888,0.48434594694501565
Phase 1 - Full,treatment_Any Coupon,avg_daily_expenditure_t2,income_bracket_8.0,85.43801823973435,93.01238310543022,0.3583271151016735
Phase 1 - Full,treatment_Any Coupon,avg_daily_expenditure_t2,income_bracket_9.0,104.28052939132591,102.73033802636049,0.31006798633726446
Phase 1 - Full,treatment_Any Coupon,avg_daily_expenditure_t2,income_bracket_10.0,-16.580389329053336,100.30458874500499,0.8687082208508313
Phase 1 - Full,treatment_Any Coupon,avg_daily_expenditure_t2,income_bracket_11.0,37.31494011971694,121.81493695197966,0.759358636168318
Phase 1 - Full,treatment_drugstore items,avg_daily_expenditure,(Intercept),37.383082298218135,2.3159578588021663,1.8108893523117815e-58
Phase 1 - Full,treatment_drugstore items,avg_daily_expenditure,age_range_18.25,-11.64107863039153,31.76589174802628,0.7140198311119236
Phase 1 - Full,treatment_drugstore items,avg_daily_expenditure,age_range_26.35,7.468562183608082,31.353940966656324,0.8117255978079798
Phase 1 - Full,treatment_drugstore items,avg_daily_expenditure,age_range_36.45,-7.182052914691391,29.859356717824433,0.8099208328706328
Phase 1 - Full,treatment_drugstore items,avg_daily_expenditure,age_range_46.55,-27.392103302954517,32.443532186692146,0.3985051866762621
Phase 1 - Full,treatment_drugstore items,avg_daily_expenditure,age_range_56.70,-18.447990660926283,33.14602041786918,0.5778255152386221
Phase 1 - Full,treatment_drugstore items,avg_daily_expenditure,age_range_70.,-8.72769021016383,33.16998215458679,0.7924590315328226
Phase 1 - Full,treatment_drugstore items,avg_daily_expenditure,family_size_1,-19.0098165694715,18.692746544424168,0.30917616618193294
Phase 1 - Full,treatment_drugstore items,avg_daily_expenditure,family_size_2,-2.9624155160355587,19.425066167282328,0.8787894119444152
Phase 1 - Full,treatment_drugstore items,avg_daily_expenditure,family_size_3,0.8067125439478302,19.883066531927234,0.9676365906320059
Phase 1 - Full,treatment_drugstore items,avg_daily_expenditure,family_size_4,-21.189485636064838,22.486169571373303,0.34602598307980004
Phase 1 - Full,treatment_drugstore items,avg_daily_expenditure,income_bracket_1.0,-16.04997211525506,28.77884005309474,0.5770513600970768
Phase 1 - Full,treatment_drugstore items,avg_daily_expenditure,income_bracket_2.0,3.460775943589164,44.04740727127483,0.9373754748345865
Phase 1 - Full,treatment_drugstore items,avg_daily_expenditure,income_bracket_3.0,38.68511605059261,28.590791654023768,0.17604170653947446
Phase 1 - Full,treatment_drugstore items,avg_daily_expenditure,income_bracket_4.0,39.57866865906287,26.83069100353525,0.1401845646639739
Phase 1 - Full,treatment_drugstore items,avg_daily_expenditure,income_bracket_5.0,44.63794668754864,27.339136240431134,0.10252788366892422
Phase 1 - Full,treatment_drugstore items,avg_daily_expenditure,income_bracket_6.0,32.87196953391078,28.164891846797207,0.24316498000836648
Phase 1 - Full,treatment_drugstore items,avg_daily_expenditure,income_bracket_7.0,34.910776495713286,30.578325115937073,0.2535907835023713
Phase 1 - Full,treatment_drugstore items,avg_daily_expenditure,income_bracket_8.0,9.884501811495191,32.916483193863975,0.7639569094391575
Phase 1 - Full,treatment_drugstore items,avg_daily_expenditure,income_bracket_9.0,2.564929037021622,36.87218344247028,0.9445419860653131
Phase 1 - Full,treatment_drugstore items,avg_daily_expenditure,income_bracket_10.0,-33.407082591822565,66.33131980400603,0.6145167684065872
Phase 1 - Full,treatment_drugstore items,avg_daily_expenditure,income_bracket_11.0,61.8652690395815,46.446173727343485,0.18287337019223934
Phase 1 - Full,treatment_drugstore items,avg_daily_expenditure_t1,(Intercept),28.133086760231198,2.4534461526499367,2.1130067400947197e-30
Phase 1 - Full,treatment_drugstore items,avg_daily_expenditure_t1,age_range_18.25,-18.508481906486757,35.854822079696504,0.6057126484193185
Phase 1 - Full,treatment_drugstore items,avg_daily_expenditure_t1,age_range_26.35,11.60549612506079,34.483881510006796,0.7364587348009074
Phase 1 - Full,treatment_drugstore items,avg_daily_expenditure_t1,age_range_36.45,-22.976769686900706,34.014391755961455,0.49936034230276394
Phase 1 - Full,treatment_drugstore items,avg_daily_expenditure_t1,age_range_46.55,-27.929440495005117,35.35260731526633,0.4295169233052728
Phase 1 - Full,treatment_drugstore items,avg_daily_expenditure_t1,age_range_56.70,-37.012577989981395,35.86600624501685,0.3020919481710535
Phase 1 - Full,treatment_drugstore items,avg_daily_expenditure_t1,age_range_70.,-20.66099556726751,35.710739594160536,0.5628850853066694
Phase 1 - Full,treatment_drugstore items,avg_daily_expenditure_t1,family_size_1,-2.478727599591139,20.54710396416853,0.9039795561375525
Phase 1 - Full,treatment_drugstore items,avg_daily_expenditure_t1,family_size_2,2.537833287051086,20.567011359798865,0.9017960801164981
Phase 1 - Full,treatment_drugstore items,avg_daily_expenditure_t1,family_size_3,6.182720737277129,21.680105197309224,0.7755078219487601
Phase 1 - Full,treatment_drugstore items,avg_daily_expenditure_t1,family_size_4,-3.1893778742457664,29.099037849975833,0.9127236841923525
Phase 1 - Full,treatment_drugstore items,avg_daily_expenditure_t1,income_bracket_1.0,18.52925829925834,32.16330814694874,0.5645506491821008
Phase 1 - Full,treatment_drugstore items,avg_daily_expenditure_t1,income_bracket_2.0,16.662147918314474,35.32933806762131,0.6371975469569562
Phase 1 - Full,treatment_drugstore items,avg_daily_expenditure_t1,income_bracket_3.0,27.17733130380062,31.714474363347925,0.39148333120037715
Phase 1 - Full,treatment_drugstore items,avg_daily_expenditure_t1,income_bracket_4.0,26.267664012921518,30.144256365746898,0.3835406640328374
Phase 1 - Full,treatment_drugstore items,avg_daily_expenditure_t1,income_bracket_5.0,40.28067276112358,30.666578853908632,0.1890191456865625
Phase 1 - Full,treatment_drugstore items,avg_daily_expenditure_t1,income_bracket_6.0,29.64140146613902,31.017635141621593,0.3392634604466903
Phase 1 - Full,treatment_drugstore items,avg_daily_expenditure_t1,income_bracket_7.0,41.30367407797396,32.97964745571946,0.21043033910513234
Phase 1 - Full,treatment_drugstore items,avg_daily_expenditure_t1,income_bracket_8.0,27.457695428787318,40.216977145131146,0.49477496051915804
Phase 1 - Full,treatment_drugstore items,avg_daily_expenditure_t1,income_bracket_9.0,3.607050775344185,35.78009375049818,0.9197003673748034
Phase 1 - Full,treatment_drugstore items,avg_daily_expenditure_t1,income_bracket_10.0,-18.957054239696816,52.087665724759916,0.7159004764703477
Phase 1 - Full,treatment_drugstore items,avg_daily_expenditure_t1,income_bracket_11.0,57.10904477290453,57.11379517890807,0.317355544768155
Phase 1 - Full,treatment_drugstore items,avg_daily_expenditure_t2,(Intercept),33.572939213269834,2.582982673470409,1.4605108230341937e-38
Phase 1 - Full,treatment_drugstore items,avg_daily_expenditure_t2,age_range_18.25,-12.582281623042697,39.04314011111427,0.747252471041755
Phase 1 - Full,treatment_drugstore items,avg_daily_expenditure_t2,age_range_26.35,8.878116106145601,38.13708756131174,0.8159217183579698
Phase 1 - Full,treatment_drugstore items,avg_daily_expenditure_t2,age_range_36.45,-7.5124897919695295,36.71576521681281,0.837876054897307
Phase 1 - Full,treatment_drugstore items,avg_daily_expenditure_t2,age_range_46.55,-41.858598071174555,38.859235051246586,0.2814028004462042
Phase 1 - Full,treatment_drugstore items,avg_daily_expenditure_t2,age_range_56.70,-29.03117361517312,39.0884103911401,0.45766363218332495
Phase 1 - Full,treatment_drugstore items,avg_daily_expenditure_t2,age_range_70.,-18.171816225424884,38.56477129278948,0.6374982475257923
Phase 1 - Full,treatment_drugstore items,avg_daily_expenditure_t2,family_size_1,24.025368095947904,18.297778581204028,0.1891820350548134
Phase 1 - Full,treatment_drugstore items,avg_daily_expenditure_t2,family_size_2,29.95807443018628,18.253610022464848,0.10075951105935176
Phase 1 - Full,treatment_drugstore items,avg_daily_expenditure_t2,family_size_3,34.74581581659806,19.67065721140138,0.07733870637791555
Phase 1 - Full,treatment_drugstore items,avg_daily_expenditure_t2,family_size_4,-5.829798649127845,23.776112444951444,0.8063059980033278
Phase 1 - Full,treatment_drugstore items,avg_daily_expenditure_t2,income_bracket_1.0,-5.690247875783435,37.19437207530477,0.878409319108033
Phase 1 - Full,treatment_drugstore items,avg_daily_expenditure_t2,income_bracket_2.0,30.491255517609282,35.543338759234345,0.39097325738634947
Phase 1 - Full,treatment_drugstore items,avg_daily_expenditure_t2,income_bracket_3.0,34.707547543855966,35.870003520434096,0.333252702933711
Phase 1 - Full,treatment_drugstore items,avg_daily_expenditure_t2,income_bracket_4.0,31.646833468982056,34.861659241434964,0.3639971842762435
Phase 1 - Full,treatment_drugstore items,avg_daily_expenditure_t2,income_bracket_5.0,42.85837123291786,35.224120105401475,0.22371146628566457
Phase 1 - Full,treatment_drugstore items,avg_daily_expenditure_t2,income_bracket_6.0,16.345552825289023,35.597741757790864,0.646111358621849
Phase 1 - Full,treatment_drugstore items,avg_daily_expenditure_t2,income_bracket_7.0,48.32572060698165,37.86573965378526,0.20187724155468592
Phase 1 - Full,treatment_drugstore items,avg_daily_expenditure_t2,income_bracket_8.0,14.969274103236513,41.39028956398049,0.7176065682956234
Phase 1 - Full,treatment_drugstore items,avg_daily_expenditure_t2,income_bracket_9.0,9.3097547881743,40.772467554299446,0.8193872806546723
Phase 1 - Full,treatment_drugstore items,avg_daily_expenditure_t2,income_bracket_10.0,-17.51897291622421,55.86820100399686,0.7538438057836795
Phase 1 - Full,treatment_drugstore items,avg_daily_expenditure_t2,income_bracket_11.0,43.58543240610118,64.12096943003196,0.4966738620653689
Phase 1 - Full,treatment_other food,avg_daily_expenditure,(Intercept),47.7286846721248,4.177912290854278,3.5124909614041466e-30
Phase 1 - Full,treatment_other food,avg_daily_expenditure,age_range_18.25,-96.19066825834322,64.04611389161416,0.1331311893089147
Phase 1 - Full,treatment_other food,avg_daily_expenditure,age_range_26.35,-124.33609425894053,51.47588330421565,0.015721115956711926
Phase 1 - Full,treatment_other food,avg_daily_expenditure,age_range_36.45,-138.7619610384468,49.40614635595808,0.004978073662093082
Phase 1 - Full,treatment_other food,avg_daily_expenditure,age_range_46.55,-135.52511674464387,51.50702931520754,0.008511575617169496
Phase 1 - Full,treatment_other food,avg_daily_expenditure,age_range_56.70,-116.35238369161475,53.55109250583591,0.029805744545925543
Phase 1 - Full,treatment_other food,avg_daily_expenditure,age_range_70.,-107.3531529333126,53.21845235607385,0.04367922188467971
Phase 1 - Full,treatment_other food,avg_daily_expenditure,family_size_1,14.010636660625165,26.06108362088521,0.5908508172560796
Phase 1 - Full,treatment_other food,avg_daily_expenditure,family_size_2,-18.44277935484108,26.03978683895239,0.4787915426014432
Phase 1 - Full,treatment_other food,avg_daily_expenditure,family_size_3,-21.520222707267017,29.703984409934755,0.4687693330018099
Phase 1 - Full,treatment_other food,avg_daily_expenditure,family_size_4,-25.716295046520887,33.74159858823232,0.445972345720962
Phase 1 - Full,treatment_other food,avg_daily_expenditure,income_bracket_1.0,172.20881346307374,58.47425463296095,0.003230928246335893
Phase 1 - Full,treatment_other food,avg_daily_expenditure,income_bracket_2.0,138.1936103998849,46.42468223921486,0.002915085374122556
Phase 1 - Full,treatment_other food,avg_daily_expenditure,income_bracket_3.0,128.6593510529443,46.3608936280113,0.00551971808101444
Phase 1 - Full,treatment_other food,avg_daily_expenditure,income_bracket_4.0,129.53730084976885,45.32891490873264,0.004269068730090065
Phase 1 - Full,treatment_other food,avg_daily_expenditure,income_bracket_5.0,125.08828705041432,46.09111690907851,0.006651625583672599
Phase 1 - Full,treatment_other food,avg_daily_expenditure,income_bracket_6.0,139.5828833324105,46.7184232067004,0.002812026752992975
Phase 1 - Full,treatment_other food,avg_daily_expenditure,income_bracket_7.0,116.82612271889857,50.02780884000539,0.0195364035490964
Phase 1 - Full,treatment_other food,avg_daily_expenditure,income_bracket_8.0,62.330140084832806,58.66967277755577,0.28806424016103166
Phase 1 - Full,treatment_other food,avg_daily_expenditure,income_bracket_9.0,96.20946992921716,60.15836138884418,0.10976808502762798
Phase 1 - Full,treatment_other food,avg_daily_expenditure,income_bracket_10.0,30.270088889241432,102.5496332762095,0.7678616448975939
Phase 1 - Full,treatment_other food,avg_daily_expenditure,income_bracket_11.0,161.17542647788306,69.04673645469605,0.019584968238175644
Phase 1 - Full,treatment_other food,avg_daily_expenditure_t1,(Intercept),48.03485786886077,2.747316124781441,3.3852107993451168e-68
Phase 1 - Full,treatment_other food,avg_daily_expenditure_t1,age_range_18.25,-60.59804930826918,63.50086412230035,0.33994414355967995
Phase 1 - Full,treatment_other food,avg_daily_expenditure_t1,age_range_26.35,-69.58670470812307,58.09654104549509,0.23101090336495586
Phase 1 - Full,treatment_other food,avg_daily_expenditure_t1,age_range_36.45,-51.11346778974048,55.5579522002461,0.35757687173997166
Phase 1 - Full,treatment_other food,avg_daily_expenditure_t1,age_range_46.55,-71.09991395779312,58.281104539291746,0.22249178940450265
Phase 1 - Full,treatment_other food,avg_daily_expenditure_t1,age_range_56.70,-66.63505176157493,59.27193588884548,0.2609238962082999
Phase 1 - Full,treatment_other food,avg_daily_expenditure_t1,age_range_70.,-53.6241646665037,59.445324817080795,0.36702224392833216
Phase 1 - Full,treatment_other food,avg_daily_expenditure_t1,family_size_1,6.754112794819304,25.834457412399242,0.7937559831011722
Phase 1 - Full,treatment_other food,avg_daily_expenditure_t1,family_size_2,-1.6066239165061904,27.786995006923366,0.9538928727172695
Phase 1 - Full,treatment_other food,avg_daily_expenditure_t1,family_size_3,-31.292937361525947,31.363505823355197,0.31840663683689374
Phase 1 - Full,treatment_other food,avg_daily_expenditure_t1,family_size_4,-30.83253201470695,29.378981993299476,0.29396549729422344
Phase 1 - Full,treatment_other food,avg_daily_expenditure_t1,income_bracket_1.0,86.68130597430984,60.719411751187714,0.1534230066987176
Phase 1 - Full,treatment_other food,avg_daily_expenditure_t1,income_bracket_2.0,112.40556230617354,52.84439812069173,0.03341748559775439
Phase 1 - Full,treatment_other food,avg_daily_expenditure_t1,income_bracket_3.0,117.17881378985227,52.957053329662656,0.026922986112271396
Phase 1 - Full,treatment_other food,avg_daily_expenditure_t1,income_bracket_4.0,115.38400518864026,52.645763739223554,0.02840652071159762
Phase 1 - Full,treatment_other food,avg_daily_expenditure_t1,income_bracket_5.0,101.75204366682682,52.486431460438894,0.052552789093950086
Phase 1 - Full,treatment_other food,avg_daily_expenditure_t1,income_bracket_6.0,112.45888449852546,53.55980414777161,0.03576252422652077
Phase 1 - Full,treatment_other food,avg_daily_expenditure_t1,income_bracket_7.0,109.87431879636152,54.038274711048174,0.04203198799398596
Phase 1 - Full,treatment_other food,avg_daily_expenditure_t1,income_bracket_8.0,119.25683255984164,73.20682193830304,0.10331243974398938
Phase 1 - Full,treatment_other food,avg_daily_expenditure_t1,income_bracket_9.0,60.17908520066399,58.972159670216264,0.3075136585511494
Phase 1 - Full,treatment_other food,avg_daily_expenditure_t1,income_bracket_10.0,30.77175456049561,82.22684076361196,0.7082351512653458
Phase 1 - Full,treatment_other food,avg_daily_expenditure_t1,income_bracket_11.0,98.57165251207277,74.38222594301614,0.18511092742744598
Phase 1 - Full,treatment_other food,avg_daily_expenditure_t2,(Intercept),14.507887237742006,2.8926824087083,5.315414346414239e-07
Phase 1 - Full,treatment_other food,avg_daily_expenditure_t2,age_range_18.25,-81.72742575523364,61.175410193785005,0.18157241855536946
Phase 1 - Full,treatment_other food,avg_daily_expenditure_t2,age_range_26.35,-76.9466822051022,56.26505711516379,0.17145277831879951
Phase 1 - Full,treatment_other food,avg_daily_expenditure_t2,age_range_36.45,-74.13050618240922,54.898997362188155,0.17692506464356503
Phase 1 - Full,treatment_other food,avg_daily_expenditure_t2,age_range_46.55,-78.08897170939274,56.11396952517478,0.16404706013595174
Phase 1 - Full,treatment_other food,avg_daily_expenditure_t2,age_range_56.70,-66.41709443920175,57.44582446572541,0.24761878700015763
Phase 1 - Full,treatment_other food,avg_daily_expenditure_t2,age_range_70.,-62.72888527882301,57.66259528230074,0.27666299564659846
Phase 1 - Full,treatment_other food,avg_daily_expenditure_t2,family_size_1,-2.6920714875089793,27.63070177839371,0.9223850542047116
Phase 1 - Full,treatment_other food,avg_daily_expenditure_t2,family_size_2,3.7846770425296823,28.19969275669884,0.8932372920544975
Phase 1 - Full,treatment_other food,avg_daily_expenditure_t2,family_size_3,-3.863143735230371,31.826658642780846,0.9033900665991386
Phase 1 - Full,treatment_other food,avg_daily_expenditure_t2,family_size_4,-23.856898233187696,33.57326316413411,0.4773410962137724
Phase 1 - Full,treatment_other food,avg_daily_expenditure_t2,income_bracket_1.0,129.97505414776197,52.921676479458846,0.014053928494534856
Phase 1 - Full,treatment_other food,avg_daily_expenditure_t2,income_bracket_2.0,114.98440558987393,50.84107878665494,0.02372472202556087
Phase 1 - Full,treatment_other food,avg_daily_expenditure_t2,income_bracket_3.0,127.80840931984154,50.72008342246689,0.011743385722847185
Phase 1 - Full,treatment_other food,avg_daily_expenditure_t2,income_bracket_4.0,122.48458096212691,50.79714511579454,0.015902413215842227
Phase 1 - Full,treatment_other food,avg_daily_expenditure_t2,income_bracket_5.0,117.33710491319457,50.406912632252656,0.0199277541729449
Phase 1 - Full,treatment_other food,avg_daily_expenditure_t2,income_bracket_6.0,123.34720922410393,51.94047739574758,0.017564055781399076
Phase 1 - Full,treatment_other food,avg_daily_expenditure_t2,income_bracket_7.0,106.5502326667653,53.08663344177173,0.04474556878318966
Phase 1 - Full,treatment_other food,avg_daily_expenditure_t2,income_bracket_8.0,67.91014088214143,61.0481703179088,0.2659717294330758
Phase 1 - Full,treatment_other food,avg_daily_expenditure_t2,income_bracket_9.0,52.03221457572389,59.17788524621778,0.3792704332093142
Phase 1 - Full,treatment_other food,avg_daily_expenditure_t2,income_bracket_10.0,33.09874686267639,93.3050249735187,0.7227884646100853
Phase 1 - Full,treatment_other food,avg_daily_expenditure_t2,income_bracket_11.0,134.3852577609426,78.24684333471596,0.08590414699052143
Phase 1 - Full,treatment_other non-food products,avg_daily_expenditure,(Intercept),-64.10838526593372,3.1520469288254205,1.3278360527767265e-91
Phase 1 - Full,treatment_other non-food products,avg_daily_expenditure,age_range_18.25,-48.9389738402913,72.49205220156506,0.49961882307955985
Phase 1 - Full,treatment_other non-food products,avg_daily_expenditure,age_range_26.35,-89.22962218258671,66.73439305424792,0.1812003972258089
Phase 1 - Full,treatment_other non-food products,avg_daily_expenditure,age_range_36.45,-28.92472056793837,65.01685496811979,0.656408075905929
Phase 1 - Full,treatment_other non-food products,avg_daily_expenditure,age_range_46.55,-58.11710756562232,66.08366673401304,0.3791628017153197
Phase 1 - Full,treatment_other non-food products,avg_daily_expenditure,age_range_56.70,25.52525729939611,71.08658653975071,0.7195421067496062
Phase 1 - Full,treatment_other non-food products,avg_daily_expenditure,age_range_70.,-14.308662075694805,68.62239327801048,0.834829235756463
Phase 1 - Full,treatment_other non-food products,avg_daily_expenditure,family_size_1,36.98205855392954,30.31102829076135,0.22243782272486415
Phase 1 - Full,treatment_other non-food products,avg_daily_expenditure,family_size_2,29.655586877173253,29.453642284443937,0.31400847745149607
Phase 1 - Full,treatment_other non-food products,avg_daily_expenditure,family_size_3,5.990680986791805,32.592816881947854,0.8541681519061232
Phase 1 - Full,treatment_other non-food products,avg_daily_expenditure,family_size_4,-21.43043438819342,39.04575101527904,0.5831076845486424
Phase 1 - Full,treatment_other non-food products,avg_daily_expenditure,income_bracket_1.0,54.94825734834829,63.94557712480409,0.39018049879271954
Phase 1 - Full,treatment_other non-food products,avg_daily_expenditure,income_bracket_2.0,201.95931718206396,66.28324545044681,0.0023131968619610026
Phase 1 - Full,treatment_other non-food products,avg_daily_expenditure,income_bracket_3.0,139.3186561989587,62.60777562572477,0.02606796318277553
Phase 1 - Full,treatment_other non-food products,avg_daily_expenditure,income_bracket_4.0,178.13678308997135,61.8904223421337,0.004000365778479534
Phase 1 - Full,treatment_other non-food products,avg_daily_expenditure,income_bracket_5.0,167.16268412948276,61.54276926267579,0.006605706547898479
Phase 1 - Full,treatment_other non-food products,avg_daily_expenditure,income_bracket_6.0,97.80305308969214,62.19535113698159,0.11583748469851499
Phase 1 - Full,treatment_other non-food products,avg_daily_expenditure,income_bracket_7.0,127.19969626789708,65.06302358379628,0.05058570665300848
Phase 1 - Full,treatment_other non-food products,avg_daily_expenditure,income_bracket_8.0,72.71615447318503,71.66750883554607,0.31028593951972544
Phase 1 - Full,treatment_other non-food products,avg_daily_expenditure,income_bracket_9.0,82.02145511793556,81.24820562757202,0.31273137274777557
Phase 1 - Full,treatment_other non-food products,avg_daily_expenditure,income_bracket_10.0,52.237307307065564,100.21991316366324,0.6022109800108228
Phase 1 - Full,treatment_other non-food products,avg_daily_expenditure,income_bracket_11.0,192.05244807823473,78.10816946503512,0.013943407563342737
Phase 1 - Full,treatment_other non-food products,avg_daily_expenditure_t1,(Intercept),9.989028662006962,2.994662893188305,0.0008517354258743849
Phase 1 - Full,treatment_other non-food products,avg_daily_expenditure_t1,age_range_18.25,-78.03530949996019,55.38789964391707,0.15887463410501712
Phase 1 - Full,treatment_other non-food products,avg_daily_expenditure_t1,age_range_26.35,-80.69547720349216,52.366009644180025,0.12332556578164365
Phase 1 - Full,treatment_other non-food products,avg_daily_expenditure_t1,age_range_36.45,-62.1688670683992,50.68513158944102,0.21998991911515542
Phase 1 - Full,treatment_other non-food products,avg_daily_expenditure_t1,age_range_46.55,-60.83645997913235,52.07404831487913,0.24270406136256104
Phase 1 - Full,treatment_other non-food products,avg_daily_expenditure_t1,age_range_56.70,-46.8517286412309,52.89512607346142,0.37575778486694034
Phase 1 - Full,treatment_other non-food products,avg_daily_expenditure_t1,age_range_70.,-49.923729953660526,52.56093628228883,0.3422053432644856
Phase 1 - Full,treatment_other non-food products,avg_daily_expenditure_t1,family_size_1,-41.73391866329154,22.596364855103246,0.06476302735177973
Phase 1 - Full,treatment_other non-food products,avg_daily_expenditure_t1,family_size_2,-68.80683580686895,22.12105292643554,0.0018689465904717336
Phase 1 - Full,treatment_other non-food products,avg_daily_expenditure_t1,family_size_3,14.036427121734016,25.410610459622948,0.5806873938805224
Phase 1 - Full,treatment_other non-food products,avg_daily_expenditure_t1,family_size_4,-49.52556897013473,30.577252978056745,0.10530583322141672
Phase 1 - Full,treatment_other non-food products,avg_daily_expenditure_t1,income_bracket_1.0,136.1388972611956,49.419150571380584,0.005875256070097412
Phase 1 - Full,treatment_other non-food products,avg_daily_expenditure_t1,income_bracket_2.0,133.0699578479429,48.7356233750178,0.006327070031900821
Phase 1 - Full,treatment_other non-food products,avg_daily_expenditure_t1,income_bracket_3.0,134.77784709224844,49.17311333334122,0.006129545291522267
Phase 1 - Full,treatment_other non-food products,avg_daily_expenditure_t1,income_bracket_4.0,145.45265335073276,48.197715177554365,0.0025471580663851143
Phase 1 - Full,treatment_other non-food products,avg_daily_expenditure_t1,income_bracket_5.0,134.78769910830945,48.2718462022446,0.0052360397606544505
Phase 1 - Full,treatment_other non-food products,avg_daily_expenditure_t1,income_bracket_6.0,85.26641364145169,49.246754498063645,0.08338443198195677
Phase 1 - Full,treatment_other non-food products,avg_daily_expenditure_t1,income_bracket_7.0,124.91476748353608,51.31361057287908,0.014922413669103666
Phase 1 - Full,treatment_other non-food products,avg_daily_expenditure_t1,income_bracket_8.0,87.62142087323242,56.14046003560417,0.11858817059843758
Phase 1 - Full,treatment_other non-food products,avg_daily_expenditure_t1,income_bracket_9.0,66.66192795324292,54.65881970169304,0.22262201266606862
Phase 1 - Full,treatment_other non-food products,avg_daily_expenditure_t1,income_bracket_10.0,51.08971838673551,86.72092444403054,0.5557780910213929
Phase 1 - Full,treatment_other non-food products,avg_daily_expenditure_t1,income_bracket_11.0,132.17519006390899,59.78749694698653,0.027057631314379094
Phase 1 - Full,treatment_other non-food products,avg_daily_expenditure_t2,(Intercept),69.42043253843259,3.377365054348428,1.7376786615626804e-93
Phase 1 - Full,treatment_other non-food products,avg_daily_expenditure_t2,age_range_18.25,-172.55165933595597,64.00579934908086,0.00702278820940149
Phase 1 - Full,treatment_other non-food products,avg_daily_expenditure_t2,age_range_26.35,-171.03319043769812,59.420252892544234,0.003999147797569577
Phase 1 - Full,treatment_other non-food products,avg_daily_expenditure_t2,age_range_36.45,-184.96789319009827,57.23875542776948,0.0012321715638790134
Phase 1 - Full,treatment_other non-food products,avg_daily_expenditure_t2,age_range_46.55,-179.34315013359907,58.72271609919651,0.002258822015019765
Phase 1 - Full,treatment_other non-food products,avg_daily_expenditure_t2,age_range_56.70,-141.22432631156323,60.263800925823695,0.019111043159843428
Phase 1 - Full,treatment_other non-food products,avg_daily_expenditure_t2,age_range_70.,-143.68505041666137,59.60687022084015,0.015932357098953465
Phase 1 - Full,treatment_other non-food products,avg_daily_expenditure_t2,family_size_1,63.816375037576094,26.285145564903143,0.015192223617932385
Phase 1 - Full,treatment_other non-food products,avg_daily_expenditure_t2,family_size_2,-3.4784410810371766,25.31701325394199,0.8907188336771059
Phase 1 - Full,treatment_other non-food products,avg_daily_expenditure_t2,family_size_3,15.623114073576614,28.906231243571423,0.5888715058794561
Phase 1 - Full,treatment_other non-food products,avg_daily_expenditure_t2,family_size_4,-3.0179627554482797,34.846942700761424,0.930984857810531
Phase 1 - Full,treatment_other non-food products,avg_daily_expenditure_t2,income_bracket_1.0,129.03558969929904,56.19612591189066,0.02167063475937825
Phase 1 - Full,treatment_other non-food products,avg_daily_expenditure_t2,income_bracket_2.0,142.20773486071047,54.866033902120556,0.00954734822678936
Phase 1 - Full,treatment_other non-food products,avg_daily_expenditure_t2,income_bracket_3.0,156.27116071406286,55.30663613683256,0.004721994154826689
Phase 1 - Full,treatment_other non-food products,avg_daily_expenditure_t2,income_bracket_4.0,188.40636373554224,54.39605674221569,0.000533446775253199
Phase 1 - Full,treatment_other non-food products,avg_daily_expenditure_t2,income_bracket_5.0,151.95302756882205,54.416827488928675,0.005234044822777745
Phase 1 - Full,treatment_other non-food products,avg_daily_expenditure_t2,income_bracket_6.0,139.56252800850112,55.58553830087094,0.012049991406259015
Phase 1 - Full,treatment_other non-food products,avg_daily_expenditure_t2,income_bracket_7.0,127.96254585853738,58.144080907261696,0.02775598502000157
Phase 1 - Full,treatment_other non-food products,avg_daily_expenditure_t2,income_bracket_8.0,109.32360625534628,63.712060893658354,0.08618643268731924
Phase 1 - Full,treatment_other non-food products,avg_daily_expenditure_t2,income_bracket_9.0,83.72327978779595,63.05698676583337,0.18427021706223573
Phase 1 - Full,treatment_other non-food products,avg_daily_expenditure_t2,income_bracket_10.0,66.53789937158487,95.67416529403378,0.4867681121597215
Phase 1 - Full,treatment_other non-food products,avg_daily_expenditure_t2,income_bracket_11.0,180.184708984194,71.97552814391166,0.012303302742752058
Phase 1 - Full,treatment_ready-to-eat food,avg_daily_expenditure,(Intercept),50.74771619368174,2.8773274912721307,2.0356491283934246e-69
Phase 1 - Full,treatment_ready-to-eat food,avg_daily_expenditure,age_range_18.25,-56.4714421755756,51.479607808302724,0.27266078891558904
Phase 1 - Full,treatment_ready-to-eat food,avg_daily_expenditure,age_range_26.35,-59.313063117212806,52.370745183208165,0.25740386581643065
Phase 1 - Full,treatment_ready-to-eat food,avg_daily_expenditure,age_range_36.45,-45.32532375844618,50.517282103394066,0.3696034821728287
Phase 1 - Full,treatment_ready-to-eat food,avg_daily_expenditure,age_range_46.55,-104.02242420957431,53.00686866284197,0.04971741286277249
Phase 1 - Full,treatment_ready-to-eat food,avg_daily_expenditure,age_range_56.70,-59.419258798530905,52.7481504620536,0.2599714175175047
Phase 1 - Full,treatment_ready-to-eat food,avg_daily_expenditure,age_range_70.,-40.128571825783624,52.70008502820541,0.44639073329272616
Phase 1 - Full,treatment_ready-to-eat food,avg_daily_expenditure,family_size_1,12.092608697229636,23.054221884995503,0.5999128622984571
Phase 1 - Full,treatment_ready-to-eat food,avg_daily_expenditure,family_size_2,43.71938910734565,22.841130532352633,0.05561742776642451
Phase 1 - Full,treatment_ready-to-eat food,avg_daily_expenditure,family_size_3,20.534228462281764,24.56885925786078,0.40328096922891365
Phase 1 - Full,treatment_ready-to-eat food,avg_daily_expenditure,family_size_4,-1.7735849883510617,28.342400549767817,0.9501035119805595
Phase 1 - Full,treatment_ready-to-eat food,avg_daily_expenditure,income_bracket_1.0,11.258497672986767,49.99882400936789,0.821843825532684
Phase 1 - Full,treatment_ready-to-eat food,avg_daily_expenditure,income_bracket_2.0,46.04730887292753,49.02435127506942,0.3475943268373538
Phase 1 - Full,treatment_ready-to-eat food,avg_daily_expenditure,income_bracket_3.0,31.449394916686952,48.93984273289019,0.5204778622631996
Phase 1 - Full,treatment_ready-to-eat food,avg_daily_expenditure,income_bracket_4.0,28.840293405139,48.282664311792274,0.5502950710850448
Phase 1 - Full,treatment_ready-to-eat food,avg_daily_expenditure,income_bracket_5.0,26.731861160722556,48.646250312435825,0.5826541883997962
Phase 1 - Full,treatment_ready-to-eat food,avg_daily_expenditure,income_bracket_6.0,27.824450864580527,50.42315259708336,0.5810747711883586
Phase 1 - Full,treatment_ready-to-eat food,avg_daily_expenditure,income_bracket_7.0,34.03016904982798,50.98549594230478,0.504488946419035
Phase 1 - Full,treatment_ready-to-eat food,avg_daily_expenditure,income_bracket_8.0,16.528343392774172,53.720545384308764,0.758332650084583
Phase 1 - Full,treatment_ready-to-eat food,avg_daily_expenditure,income_bracket_9.0,-32.99213447683648,56.94134857099951,0.5623180505034785
Phase 1 - Full,treatment_ready-to-eat food,avg_daily_expenditure,income_bracket_10.0,-41.87960879719865,78.77204248753876,0.5949667144373447
Phase 1 - Full,treatment_ready-to-eat food,avg_daily_expenditure,income_bracket_11.0,47.52787795484735,85.51948452022776,0.5783807619789243
Phase 1 - Full,treatment_ready-to-eat food,avg_daily_expenditure_t1,(Intercept),17.394526504162574,2.8379101328593586,8.889212102055549e-10
Phase 1 - Full,treatment_ready-to-eat food,avg_daily_expenditure_t1,age_range_18.25,-43.322252945867405,51.26693651041112,0.3980964120710383
Phase 1 - Full,treatment_ready-to-eat food,avg_daily_expenditure_t1,age_range_26.35,-51.37249473561732,52.72627000499364,0.32990011922937357
Phase 1 - Full,treatment_ready-to-eat food,avg_daily_expenditure_t1,age_range_36.45,-44.753692327683716,50.68050460986986,0.3772105448836963
Phase 1 - Full,treatment_ready-to-eat food,avg_daily_expenditure_t1,age_range_46.55,-44.401767627895424,53.23422194093893,0.40423806578660204
Phase 1 - Full,treatment_ready-to-eat food,avg_daily_expenditure_t1,age_range_56.70,-51.49935426850337,53.53302215185355,0.33604869317957065
Phase 1 - Full,treatment_ready-to-eat food,avg_daily_expenditure_t1,age_range_70.,-52.46806590581052,53.283298777121566,0.32477614609729555
Phase 1 - Full,treatment_ready-to-eat food,avg_daily_expenditure_t1,family_size_1,12.047161232522972,21.318649461551882,0.572008495519087
Phase 1 - Full,treatment_ready-to-eat food,avg_daily_expenditure_t1,family_size_2,13.189005454899739,21.15968450341215,0.5330848011109512
Phase 1 - Full,treatment_ready-to-eat food,avg_daily_expenditure_t1,family_size_3,-24.212801245828903,23.019855869039837,0.29288603880188235
Phase 1 - Full,treatment_ready-to-eat food,avg_daily_expenditure_t1,family_size_4,-29.18189195139203,26.760279254822787,0.27550131422613916
Phase 1 - Full,treatment_ready-to-eat food,avg_daily_expenditure_t1,income_bracket_1.0,45.123145082712306,50.320101967489414,0.3698715165963389
Phase 1 - Full,treatment_ready-to-eat food,avg_daily_expenditure_t1,income_bracket_2.0,58.9832705698454,50.238006615412885,0.24036985028697228
Phase 1 - Full,treatment_ready-to-eat food,avg_daily_expenditure_t1,income_bracket_3.0,53.76117017567586,49.84007574367386,0.2807384337175941
Phase 1 - Full,treatment_ready-to-eat food,avg_daily_expenditure_t1,income_bracket_4.0,60.28302637540519,49.32894409867048,0.22168988747827023
Phase 1 - Full,treatment_ready-to-eat food,avg_daily_expenditure_t1,income_bracket_5.0,48.466429658714404,49.74524971902521,0.32991592552212534
Phase 1 - Full,treatment_ready-to-eat food,avg_daily_expenditure_t1,income_bracket_6.0,48.24796295545581,50.91783579964752,0.34335543736007446
Phase 1 - Full,treatment_ready-to-eat food,avg_daily_expenditure_t1,income_bracket_7.0,36.56544944378376,53.14132343224117,0.49140594215085254
Phase 1 - Full,treatment_ready-to-eat food,avg_daily_expenditure_t1,income_bracket_8.0,35.477694029333755,55.03703734443338,0.5191797022525984
Phase 1 - Full,treatment_ready-to-eat food,avg_daily_expenditure_t1,income_bracket_9.0,2.1438947221885876,56.58422076641215,0.9697766826526164
Phase 1 - Full,treatment_ready-to-eat food,avg_daily_expenditure_t1,income_bracket_10.0,-26.350449762269022,79.25883034137968,0.7395427538204398
Phase 1 - Full,treatment_ready-to-eat food,avg_daily_expenditure_t1,income_bracket_11.0,84.7889354440825,66.37620381852852,0.20146707070684475
Phase 1 - Full,treatment_meat/seafood,avg_daily_expenditure,(Intercept),31.32233915058226,3.0956680735727238,4.832441803386323e-24
Phase 1 - Full,treatment_meat/seafood,avg_daily_expenditure,age_range_18.25,-27.92763695217399,59.66535238858535,0.6397355831835081
Phase 1 - Full,treatment_meat/seafood,avg_daily_expenditure,age_range_26.35,-27.686139227536838,60.73790791672895,0.6485143794695156
Phase 1 - Full,treatment_meat/seafood,avg_daily_expenditure,age_range_36.45,-31.33421879813148,59.969852678657524,0.6013248045237541
Phase 1 - Full,treatment_meat/seafood,avg_daily_expenditure,age_range_46.55,-41.32667938401152,61.29243994497286,0.5001527631882667
Phase 1 - Full,treatment_meat/seafood,avg_daily_expenditure,age_range_56.70,-14.780685881233673,61.59704127370632,0.8103639727111805
Phase 1 - Full,treatment_meat/seafood,avg_daily_expenditure,age_range_70.,-31.441685748179776,61.474163006792494,0.6090298988919465
Phase 1 - Full,treatment_meat/seafood,avg_daily_expenditure,family_size_1,-28.941040319990567,22.886809288278908,0.20604577000169477
Phase 1 - Full,treatment_meat/seafood,avg_daily_expenditure,family_size_2,-21.44610598121731,23.276974820922916,0.35687500699086316
Phase 1 - Full,treatment_meat/seafood,avg_daily_expenditure,family_size_3,-55.59945087859505,24.834259079300786,0.02517179025154946
Phase 1 - Full,treatment_meat/seafood,avg_daily_expenditure,family_size_4,-38.89046891774316,29.493475931948975,0.1873044487831978
Phase 1 - Full,treatment_meat/seafood,avg_daily_expenditure,income_bracket_1.0,18.23531991258238,55.40167047937775,0.7420455435869686
Phase 1 - Full,treatment_meat/seafood,avg_daily_expenditure,income_bracket_2.0,49.31882937157135,54.28023559204513,0.36356737856155685
Phase 1 - Full,treatment_meat/seafood,avg_daily_expenditure,income_bracket_3.0,34.14328360243067,54.23367456075275,0.5289860855134446
Phase 1 - Full,treatment_meat/seafood,avg_daily_expenditure,income_bracket_4.0,53.29549487706203,53.98475508655033,0.32353334093533626
Phase 1 - Full,treatment_meat/seafood,avg_daily_expenditure,income_bracket_5.0,10.702872314674492,54.17368630682515,0.8433854977155549
Phase 1 - Full,treatment_meat/seafood,avg_daily_expenditure,income_bracket_6.0,29.39421948313373,54.70722097887243,0.5910623228786686
Phase 1 - Full,treatment_meat/seafood,avg_daily_expenditure,income_bracket_7.0,41.6618162394899,56.250584189342206,0.45891094602814786
Phase 1 - Full,treatment_meat/seafood,avg_daily_expenditure,income_bracket_8.0,4.05412516521925,61.814655856647725,0.9477083418098068
Phase 1 - Full,treatment_meat/seafood,avg_daily_expenditure,income_bracket_9.0,-17.926333958329288,63.20050096878664,0.7766856609153054
Phase 1 - Full,treatment_meat/seafood,avg_daily_expenditure,income_bracket_10.0,-55.353696568251,84.8409791963211,0.5141198764796742
Phase 1 - Full,treatment_meat/seafood,avg_daily_expenditure,income_bracket_11.0,42.83996513636789,82.03528705862948,0.6015236439510052
